dataset,scenario,family,precision_mean,precision_std,recall_mean,recall_std,f1_mean,f1_std,support_mean
nf_bot_iot,random_cti,benign,0.88956,0.005212,0.869603,0.004026,0.879459,0.00299,3451.0
nf_bot_iot,random_cti,ddos,0.481398,0.00447,0.364667,0.015807,0.414872,0.011,5000.0
nf_bot_iot,random_cti,dos,0.485363,0.005471,0.366067,0.014063,0.417306,0.011067,5000.0
nf_bot_iot,random_cti,reconnaissance,0.811879,0.006042,0.529933,0.006941,0.641268,0.006008,5000.0
nf_bot_iot,random_cti,theft,0.068217,0.001758,0.696248,0.005447,0.124252,0.002851,462.0
nf_bot_iot,source_gate,benign,0.880152,0.00402,0.962426,0.002931,0.919445,0.001586,3451.0
nf_bot_iot,source_gate,ddos,0.47622,0.010535,0.428067,0.024163,0.45071,0.017073,5000.0
nf_bot_iot,source_gate,dos,0.476704,0.002801,0.540533,0.021691,0.506476,0.009511,5000.0
nf_bot_iot,source_gate,reconnaissance,0.933971,0.005799,0.579533,0.030781,0.714918,0.023649,5000.0
nf_bot_iot,source_gate,theft,0.17975,0.012337,0.726551,0.005447,0.288045,0.015882,462.0
nf_bot_iot,traffic_only,benign,0.889198,0.003847,0.869603,0.004026,0.879285,0.002538,3451.0
nf_bot_iot,traffic_only,ddos,0.470279,0.005571,0.335467,0.069865,0.388979,0.049835,5000.0
nf_bot_iot,traffic_only,dos,0.475832,0.00344,0.365733,0.046242,0.41257,0.030603,5000.0
nf_bot_iot,traffic_only,reconnaissance,0.807608,0.005533,0.529467,0.004365,0.639605,0.004658,5000.0
nf_bot_iot,traffic_only,theft,0.06947,0.003464,0.728716,0.003306,0.126828,0.005757,462.0
nf_bot_iot,weak_cti_concat,benign,0.881995,0.004334,0.948614,0.006957,0.914087,0.004996,3451.0
nf_bot_iot,weak_cti_concat,ddos,0.474412,0.006079,0.475,0.04262,0.474247,0.023905,5000.0
nf_bot_iot,weak_cti_concat,dos,0.475134,0.005909,0.4754,0.041527,0.474809,0.024117,5000.0
nf_bot_iot,weak_cti_concat,reconnaissance,0.917393,0.024768,0.6192,0.021669,0.738965,0.011346,5000.0
nf_bot_iot,weak_cti_concat,theft,0.142441,0.032819,0.567821,0.17478,0.227486,0.055534,462.0
nf_ton_iot,random_cti,backdoor,0.531842,0.001061,0.588881,0.006546,0.5589,0.003219,4311.0
nf_ton_iot,random_cti,benign,0.999226,0.000443,0.688133,0.002845,0.815,0.001957,5000.0
nf_ton_iot,random_cti,ddos,0.0,0.0,0.0,0.0,0.0,0.0,5000.0
nf_ton_iot,random_cti,dos,0.62041,0.004934,0.999296,0.000469,0.76553,0.003703,4264.0
nf_ton_iot,random_cti,injection,0.305348,0.032095,0.008533,0.006592,0.016399,0.012499,5000.0
nf_ton_iot,random_cti,mitm,0.0,0.0,0.0,0.0,0.0,0.0,322.0
nf_ton_iot,random_cti,password,0.195525,0.006083,0.362933,0.035691,0.253736,0.00973,5000.0
nf_ton_iot,random_cti,ransomware,0.005222,8.3e-05,0.981481,0.032075,0.010388,0.000165,36.0
nf_ton_iot,random_cti,scanning,0.431708,0.003813,0.314533,0.053868,0.362304,0.03822,5000.0
nf_ton_iot,random_cti,xss,0.240694,0.024671,0.1808,0.043178,0.203374,0.026631,5000.0
nf_ton_iot,source_gate,backdoor,0.861716,0.004963,0.982835,0.002237,0.918297,0.003786,4311.0
nf_ton_iot,source_gate,benign,0.996041,0.000883,0.8382,0.003105,0.910326,0.001574,5000.0
nf_ton_iot,source_gate,ddos,0.679119,0.114816,0.282067,0.013008,0.39585,0.009592,5000.0
nf_ton_iot,source_gate,dos,0.647807,0.003788,0.993512,0.000888,0.784247,0.002573,4264.0
nf_ton_iot,source_gate,injection,0.396009,0.020044,0.330733,0.028485,0.360365,0.025141,5000.0
nf_ton_iot,source_gate,mitm,0.119507,0.039556,0.23706,0.019723,0.157135,0.036812,322.0
nf_ton_iot,source_gate,password,0.349007,0.003497,0.280667,0.007711,0.311067,0.003973,5000.0
nf_ton_iot,source_gate,ransomware,0.015092,0.001237,0.87963,0.057824,0.029673,0.002411,36.0
nf_ton_iot,source_gate,scanning,0.346988,0.022606,0.381067,0.054635,0.362831,0.037584,5000.0
nf_ton_iot,source_gate,xss,0.34672,0.004846,0.325467,0.004997,0.335749,0.004508,5000.0
nf_ton_iot,traffic_only,backdoor,0.531216,0.001223,0.588881,0.006546,0.558552,0.002928,4311.0
nf_ton_iot,traffic_only,benign,0.999226,0.000443,0.6882,0.0028,0.815047,0.00192,5000.0
nf_ton_iot,traffic_only,ddos,0.0,0.0,0.0,0.0,0.0,0.0,5000.0
nf_ton_iot,traffic_only,dos,0.620208,0.004535,0.999609,0.000135,0.76547,0.003465,4264.0
nf_ton_iot,traffic_only,injection,0.0,0.0,0.0,0.0,0.0,0.0,5000.0
nf_ton_iot,traffic_only,mitm,0.0,0.0,0.0,0.0,0.0,0.0,322.0
nf_ton_iot,traffic_only,password,0.199936,0.003092,0.503133,0.00358,0.28615,0.003418,5000.0
nf_ton_iot,traffic_only,ransomware,0.005357,0.000168,1.0,0.0,0.010658,0.000333,36.0
nf_ton_iot,traffic_only,scanning,0.446224,0.016753,0.385933,0.040623,0.413563,0.030833,5000.0
nf_ton_iot,traffic_only,xss,0.0,0.0,0.0,0.0,0.0,0.0,5000.0
nf_ton_iot,weak_cti_concat,backdoor,0.903282,0.008891,0.985077,0.001875,0.942393,0.005011,4311.0
nf_ton_iot,weak_cti_concat,benign,0.999196,0.000267,0.7458,0.000872,0.8541,0.000484,5000.0
nf_ton_iot,weak_cti_concat,ddos,0.908989,0.011982,0.265333,0.00369,0.410747,0.004552,5000.0
nf_ton_iot,weak_cti_concat,dos,0.646966,0.00372,0.998749,0.000135,0.785255,0.002734,4264.0
nf_ton_iot,weak_cti_concat,injection,0.404627,0.00609,0.3418,0.004996,0.370569,0.005479,5000.0
nf_ton_iot,weak_cti_concat,mitm,0.13222,0.014426,0.065217,0.009317,0.086794,0.008107,322.0
nf_ton_iot,weak_cti_concat,password,0.343412,0.00045,0.2156,0.010755,0.264795,0.008128,5000.0
nf_ton_iot,weak_cti_concat,ransomware,0.008967,0.000675,0.888889,0.055556,0.017754,0.001333,36.0
nf_ton_iot,weak_cti_concat,scanning,0.375617,0.00223,0.483267,0.005644,0.422688,0.003061,5000.0
nf_ton_iot,weak_cti_concat,xss,0.336508,0.006007,0.331667,0.00563,0.334062,0.005498,5000.0
